Column,Trend Direction,Trend Strength,Slope,Intercept
red,Decreasing,0.20541061499211632,-0.05353101937598095,40965.46783895842
ir,Decreasing,0.544616757898543,-0.18437626120612535,101002.09084285445
red_corrected,Increasing,0.0001602777230902408,0.0005230953712574852,5.4490030905746245
ir_corrected,Increasing,0.011702840287508787,0.009412539069231814,-57.018753635013425
